sent.seconds;sent.microseconds;received.seconds;received.microseconds;sampleTimeStamp.seconds;sampleTimeStamp.microseconds;groundSteering;
1585056042;994780;1651507877;52047;1585056042;994780;0.05998505;
1585056043;95287;1651507877;280291;1585056043;95287;0.09297372;
1585056043;195808;1651507877;493086;1585056043;195808;0.1379559;
1585056043;296409;1651507877;709532;1585056043;296409;0.1379559;
1585056043;396929;1651507877;939926;1585056043;396929;0.1379559;
1585056043;497450;1651507878;121732;1585056043;497450;0.1379559;
1585056043;597977;1651507878;294805;1585056043;597977;0.1229618;
1585056043;698593;1651507878;496855;1585056043;698593;-0;
1585056043;799136;1651507878;695710;1585056043;799136;-0;
1585056043;899785;1651507878;900301;1585056043;899785;-0;
1585056044;358;1651507879;101844;1585056044;358;-0;
1585056044;100923;1651507879;330096;1585056044;100923;-0;
1585056044;201411;1651507879;530555;1585056044;201411;-0;
1585056044;301945;1651507879;745136;1585056044;301945;-0;
1585056044;402499;1651507879;951788;1585056044;402499;-0;
1585056044;503100;1651507880;185728;1585056044;503100;0.05998505;
1585056044;603635;1651507880;377347;1585056044;603635;-0;
1585056044;704254;1651507880;569876;1585056044;704254;-0;
1585056044;804821;1651507880;789967;1585056044;804821;-0;
1585056044;905339;1651507880;970783;1585056044;905339;-0;
1585056045;5838;1651507881;132491;1585056045;5838;-0;
1585056045;106355;1651507881;394360;1585056045;106355;-0;
1585056045;206860;1651507881;585339;1585056045;206860;-0;
1585056045;307397;1651507881;777973;1585056045;307397;-0;
1585056045;408757;1651507881;982371;1585056045;408757;-0;
1585056045;508836;1651507882;160948;1585056045;508836;-0;
1585056045;609788;1651507882;319838;1585056045;609788;-0;
1585056045;710385;1651507882;498807;1585056045;710385;-0;
1585056045;810916;1651507882;726448;1585056045;810916;-0;
1585056045;911508;1651507882;942271;1585056045;911508;-0;
1585056046;12022;1651507883;241613;1585056046;12022;-0;
1585056046;112742;1651507883;501193;1585056046;112742;-0;
1585056046;213361;1651507883;711740;1585056046;213361;-0;
1585056046;314297;1651507883;937878;1585056046;314297;-0;
1585056046;414133;1651507884;117048;1585056046;414133;0.03298867;
1585056046;514689;1651507884;362121;1585056046;514689;0.06298564;
1585056046;615219;1651507884;604732;1585056046;615219;0.01799463;
1585056046;715804;1651507884;824861;1585056046;715804;0.009001753;
1585056046;816477;1651507885;65697;1585056046;816477;0.01200234;
1585056046;917073;1651507885;291273;1585056046;917073;0.01200234;
1585056047;18568;1651507885;496030;1585056047;18568;0.02099521;
1585056047;119217;1651507885;679597;1585056047;119217;0.0239958;
1585056047;219776;1651507885;886059;1585056047;219776;0.03298867;
1585056047;320299;1651507886;122422;1585056047;320299;0.07797969;
1585056047;420803;1651507886;348960;1585056047;420803;0.08397198;
1585056047;521392;1651507886;545324;1585056047;521392;0.07797969;
1585056047;621924;1651507886;909223;1585056047;621924;0.07797969;
1585056047;722672;1651507887;227283;1585056047;722672;0.07797969;
1585056047;823248;1651507887;452770;1585056047;823248;0.1079678;
1585056047;923966;1651507887;637364;1585056047;923966;0.1349553;
1585056048;24844;1651507887;886263;1585056048;24844;0.1859386;
1585056048;124764;1651507888;123374;1585056048;124764;0.1859386;
1585056048;225375;1651507888;352390;1585056048;225375;0.1859386;
1585056048;325896;1651507888;644839;1585056048;325896;0.1859386;
1585056048;426461;1651507888;892290;1585056048;426461;0.1859386;
1585056048;527058;1651507889;203499;1585056048;527058;0.1859386;
1585056048;627730;1651507889;552784;1585056048;627730;0.1649434;
1585056048;728598;1651507889;906683;1585056048;728598;0.0509833;
1585056048;829583;1651507890;195474;1585056048;829583;0.0239958;
1585056048;930189;1651507890;425656;1585056048;930189;0.0239958;
1585056049;30763;1651507890;724592;1585056049;30763;-0;
1585056049;133454;1651507890;910027;1585056049;133454;0.0479916;
1585056049;234055;1651507891;120652;1585056049;234055;0.1019666;
1585056049;334635;1651507891;316245;1585056049;334635;0.02699638;
1585056049;435240;1651507891;482878;1585056049;435240;0.1019666;
1585056049;535820;1651507891;723120;1585056049;535820;0.07797969;
1585056049;636358;1651507891;917978;1585056049;636358;-0;
1585056049;736914;1651507892;93479;1585056049;736914;-0;
1585056049;837510;1651507892;291263;1585056049;837510;-0;
1585056049;938013;1651507892;525987;1585056049;938013;-0;
1585056050;38592;1651507892;720505;1585056050;38592;-0;
1585056050;139084;1651507892;906495;1585056050;139084;-0;
1585056050;239628;1651507893;127378;1585056050;239628;-0;
1585056050;340302;1651507893;311926;1585056050;340302;-0;
1585056050;440804;1651507893;506601;1585056050;440804;-0;
1585056050;541260;1651507893;682273;1585056050;541260;-0;
1585056050;641892;1651507893;884162;1585056050;641892;-0;
1585056050;742402;1651507894;88844;1585056050;742402;-0;
1585056050;843047;1651507894;273754;1585056050;843047;-0;
1585056050;943619;1651507894;474791;1585056050;943619;-0;
1585056051;44165;1651507894;668343;1585056051;44165;-0;
1585056051;144742;1651507894;885478;1585056051;144742;-0;
1585056051;245290;1651507895;103384;1585056051;245290;-0;
1585056051;346155;1651507895;318998;1585056051;346155;-0;
1585056051;446714;1651507895;605970;1585056051;446714;-0;
1585056051;547267;1651507895;805715;1585056051;547267;-0;
1585056051;647872;1651507895;993478;1585056051;647872;-0;
1585056051;748483;1651507896;191094;1585056051;748483;-0;
1585056051;849057;1651507896;397378;1585056051;849057;-0;
1585056051;949687;1651507896;616498;1585056051;949687;-0;
1585056052;50457;1651507896;858709;1585056052;50457;-0;
1585056052;151400;1651507897;124838;1585056052;151400;-0;
1585056052;252094;1651507897;309187;1585056052;252094;-0;
1585056052;352656;1651507897;526014;1585056052;352656;-0;
1585056052;453154;1651507897;755218;1585056052;453154;-0;
1585056052;553676;1651507897;976407;1585056052;553676;-0;
1585056052;654194;1651507898;167943;1585056052;654194;-0;
1585056052;754697;1651507898;380316;1585056052;754697;-0;
1585056052;855202;1651507898;614675;1585056052;855202;-0;
1585056052;955716;1651507898;831621;1585056052;955716;-0;
1585056053;56239;1651507899;30797;1585056053;56239;-0;
1585056053;156795;1651507899;281003;1585056053;156795;-0;
1585056053;257322;1651507899;506352;1585056053;257322;-0;
1585056053;357840;1651507899;656308;1585056053;357840;-0;
1585056053;459019;1651507899;911544;1585056053;459019;-0;
1585056053;559024;1651507900;153290;1585056053;559024;-0;
1585056053;659509;1651507900;357507;1585056053;659509;-0;
1585056053;759996;1651507900;607015;1585056053;759996;-0;
1585056053;860506;1651507900;913939;1585056053;860506;-0;
1585056053;960977;1651507901;157034;1585056053;960977;-0;
1585056054;61451;1651507901;372087;1585056054;61451;-0;
1585056054;161953;1651507901;644378;1585056054;161953;-0;
1585056054;262409;1651507901;831867;1585056054;262409;-0;
1585056054;362897;1651507902;47516;1585056054;362897;-0;
1585056054;463654;1651507902;278620;1585056054;463654;-0;
1585056054;564198;1651507902;559637;1585056054;564198;-0;
1585056054;664723;1651507902;797575;1585056054;664723;-0;
1585056054;765300;1651507903;29112;1585056054;765300;0.2189272;
1585056054;865813;1651507903;228385;1585056054;865813;0.1469487;
1585056054;966361;1651507903;448100;1585056054;966361;0.1529499;
1585056055;66897;1651507903;662730;1585056055;66897;0.290888;
1585056055;167398;1651507903;918775;1585056055;167398;0.290888;
1585056055;267928;1651507904;143491;1585056055;267928;0.290888;
1585056055;368723;1651507904;372266;1585056055;368723;0.290888;
1585056055;469377;1651507904;598753;1585056055;469377;0.290888;
1585056055;569874;1651507904;873560;1585056055;569874;0.290888;
1585056055;670399;1651507905;179051;1585056055;670399;0.290888;
1585056055;770917;1651507905;385804;1585056055;770917;0.2789034;
1585056055;871774;1651507905;620376;1585056055;871774;0.1649434;
1585056055;972560;1651507905;809779;1585056055;972560;-0;
1585056056;73066;1651507906;43433;1585056056;73066;-0;
1585056056;173552;1651507906;246869;1585056056;173552;-0;
1585056056;274086;1651507906;497026;1585056056;274086;-0;
1585056056;374601;1651507907;31793;1585056056;374601;-0;
1585056056;475536;1651507907;361127;1585056056;475536;-0;
1585056056;576165;1651507907;834231;1585056056;576165;0.2009326;
1585056056;676665;1651507908;529890;1585056056;676665;0.1559505;
1585056056;777280;1651507908;786177;1585056056;777280;-0;
1585056056;877806;1651507909;58851;1585056056;877806;-0;
1585056056;978401;1651507909;348327;1585056056;978401;-0;
1585056057;78891;1651507909;600655;1585056057;78891;-0;
1585056057;179391;1651507909;849486;1585056057;179391;-0;
1585056057;279880;1651507910;150476;1585056057;279880;-0;
1585056057;380451;1651507910;455440;1585056057;380451;-0;
1585056057;481012;1651507910;689132;1585056057;481012;-0;
1585056057;581499;1651507910;919156;1585056057;581499;-0;
1585056057;682085;1651507911;145750;1585056057;682085;-0;
1585056057;782672;1651507911;351875;1585056057;782672;-0;
1585056057;883156;1651507911;537746;1585056057;883156;-0;
1585056057;983641;1651507911;786469;1585056057;983641;-0;
1585056058;84140;1651507912;21335;1585056058;84140;-0;
1585056058;184643;1651507912;237194;1585056058;184643;-0;
1585056058;285196;1651507912;425346;1585056058;285196;-0;
1585056058;385818;1651507912;629969;1585056058;385818;-0;
1585056058;486328;1651507912;881327;1585056058;486328;-0;
1585056058;586849;1651507913;90100;1585056058;586849;-0;
1585056058;687380;1651507913;276125;1585056058;687380;-0;
1585056058;787948;1651507913;489936;1585056058;787948;-0;
1585056058;888662;1651507913;666443;1585056058;888662;-0;
1585056058;989525;1651507913;871579;1585056058;989525;0.1049672;
1585056059;90060;1651507914;74977;1585056059;90060;0.1889392;
1585056059;190894;1651507914;325023;1585056059;190894;0.1409564;
1585056059;291494;1651507914;569436;1585056059;291494;0.1409564;
1585056059;392137;1651507914;796053;1585056059;392137;0.1319547;
1585056059;492755;1651507915;51488;1585056059;492755;0.128963;
1585056059;593297;1651507915;277921;1585056059;593297;0.1079678;
1585056059;693960;1651507915;509619;1585056059;693960;0.1079678;
1585056059;794572;1651507915;743233;1585056059;794572;0.1079678;
1585056059;895086;1651507915;974916;1585056059;895086;0.1079678;
1585056059;995631;1651507916;149976;1585056059;995631;0.1079678;
1585056060;96187;1651507916;390166;1585056060;96187;0.1079678;
1585056060;196852;1651507916;586166;1585056060;196852;0.1079678;
1585056060;297504;1651507916;815918;1585056060;297504;0.1079678;
1585056060;398246;1651507917;45041;1585056060;398246;0.1079678;
1585056060;498942;1651507917;312368;1585056060;498942;0.03898985;
1585056060;599452;1651507917;614661;1585056060;599452;-0;
1585056060;699938;1651507917;832606;1585056060;699938;-0;
1585056060;800501;1651507918;89720;1585056060;800501;-0;
1585056060;901096;1651507918;318103;1585056060;901096;0.003000584;
1585056061;1659;1651507918;579715;1585056061;1659;0.1109684;
1585056061;102154;1651507918;837135;1585056061;102154;0.1319547;
1585056061;203049;1651507919;49414;1585056061;203049;0.1229618;
1585056061;303569;1651507919;253367;1585056061;303569;0.1229618;
1585056061;404075;1651507919;538850;1585056061;404075;0.1229618;
1585056061;504614;1651507919;820124;1585056061;504614;0.1229618;
1585056061;605144;1651507920;49217;1585056061;605144;0.1229618;
1585056061;705650;1651507920;267824;1585056061;705650;0.1229618;
1585056061;806133;1651507920;483438;1585056061;806133;0.1229618;
1585056061;906959;1651507920;700386;1585056061;906959;0.1259624;
1585056062;7554;1651507920;917726;1585056062;7554;0.1259624;
1585056062;108231;1651507921;140814;1585056062;108231;0.1259624;
1585056062;208826;1651507921;321981;1585056062;208826;0.1259624;
1585056062;309348;1651507921;526806;1585056062;309348;0.1259624;
1585056062;409881;1651507921;767377;1585056062;409881;0.1229618;
1585056062;510443;1651507921;982531;1585056062;510443;0.1139601;
1585056062;611351;1651507922;204464;1585056062;611351;0.08697256;
1585056062;712034;1651507922;488157;1585056062;712034;-0;
1585056062;812628;1651507922;697991;1585056062;812628;-0;
1585056062;913196;1651507922;868627;1585056062;913196;-0;
1585056063;13731;1651507923;94312;1585056063;13731;-0;
1585056063;114383;1651507923;354537;1585056063;114383;-0;
1585056063;215911;1651507923;592031;1585056063;215911;-0;
1585056063;315474;1651507923;799496;1585056063;315474;-0.1199524;
1585056063;416023;1651507924;52718;1585056063;416023;-0.09895714;
1585056063;516654;1651507924;264556;1585056063;516654;-0.08996427;
1585056063;617260;1651507924;491920;1585056063;617260;-0.08996427;
1585056063;717934;1651507924;702057;1585056063;717934;-0.08996427;
1585056063;819161;1651507924;923568;1585056063;819161;-0.08996427;
1585056063;918978;1651507925;142510;1585056063;918978;-0.08996427;
1585056064;19844;1651507925;368390;1585056064;19844;-0.08696368;
1585056064;120644;1651507925;628258;1585056064;120644;-0.03297979;
1585056064;221607;1651507925;888709;1585056064;221607;-0;
1585056064;323096;1651507926;135314;1585056064;323096;-0;
1585056064;423836;1651507926;342178;1585056064;423836;-0;
1585056064;525835;1651507926;617405;1585056064;525835;-0;
1585056064;624524;1651507926;865209;1585056064;624524;-0;
1585056064;725027;1651507927;93287;1585056064;725027;-0;
1585056064;825854;1651507927;315260;1585056064;825854;-0;
1585056064;926780;1651507927;589202;1585056064;926780;-0;
1585056065;27244;1651507927;890339;1585056065;27244;-0;
1585056065;127979;1651507928;210593;1585056065;127979;-0;
1585056065;228989;1651507928;477749;1585056065;228989;-0;
1585056065;329823;1651507928;706312;1585056065;329823;-0;
1585056065;430753;1651507928;946626;1585056065;430753;-0;
1585056065;531895;1651507929;215595;1585056065;531895;-0;
1585056065;632497;1651507929;425919;1585056065;632497;-0;
1585056065;733403;1651507929;595825;1585056065;733403;-0;
1585056065;834031;1651507929;805935;1585056065;834031;-0;
1585056065;934896;1651507930;34427;1585056065;934896;0.09297372;
1585056066;35430;1651507930;252349;1585056066;35430;0.08097139;
1585056066;135938;1651507930;472807;1585056066;135938;0.08397198;
1585056066;236626;1651507930;696410;1585056066;236626;0.08097139;
1585056066;337151;1651507930;925802;1585056066;337151;0.08097139;
1585056066;437671;1651507931;124441;1585056066;437671;0.128963;
1585056066;538259;1651507931;336062;1585056066;538259;0.2039332;
1585056066;638804;1651507931;526720;1585056066;638804;0.1619428;
1585056066;739391;1651507931;726963;1585056066;739391;0.1499493;
1585056066;839924;1651507931;949959;1585056066;839924;0.1379559;
1585056066;940576;1651507932;167251;1585056066;940576;0.1079678;
1585056067;41199;1651507932;394453;1585056067;41199;0.02999697;
1585056067;141719;1651507932;581577;1585056067;141719;0.02999697;
1585056067;242271;1651507932;794234;1585056067;242271;0.01500292;
1585056067;342790;1651507933;1947;1585056067;342790;0.06597735;
1585056067;443353;1651507933;212863;1585056067;443353;0.1199612;
1585056067;543897;1651507933;419464;1585056067;543897;0.06597735;
1585056067;644569;1651507933;612509;1585056067;644569;0.06597735;
1585056067;745112;1651507933;963695;1585056067;745112;0.05698447;
1585056067;845696;1651507934;213887;1585056067;845696;0.02099521;
1585056067;946251;1651507934;449257;1585056067;946251;0.01799463;
1585056068;46781;1651507934;685107;1585056068;46781;0.01200234;
1585056068;147289;1651507934;932814;1585056068;147289;0.01799463;
1585056068;247812;1651507935;164264;1585056068;247812;0.06298564;
1585056068;348407;1651507935;357999;1585056068;348407;0.09896602;
1585056068;448934;1651507935;554847;1585056068;448934;0.08997314;
1585056068;549556;1651507935;775026;1585056068;549556;0.08997314;
1585056068;650143;1651507935;997875;1585056068;650143;0.07797969;
1585056068;750613;1651507936;201635;1585056068;750613;0.0749791;
1585056068;851123;1651507936;405806;1585056068;851123;0.07197852;
1585056068;951634;1651507936;615893;1585056068;951634;0.06897793;
1585056069;52096;1651507936;866118;1585056069;52096;0.06897793;
1585056069;152647;1651507937;49232;1585056069;152647;0.06897793;
1585056069;253214;1651507937;287878;1585056069;253214;0.06897793;
1585056069;353897;1651507937;528298;1585056069;353897;0.06897793;
1585056069;454423;1651507937;748749;1585056069;454423;0.0479916;
1585056069;554964;1651507938;47904;1585056069;554964;0.0479916;
1585056069;655461;1651507938;248837;1585056069;655461;0.0479916;
1585056069;756037;1651507938;547864;1585056069;756037;0.0479916;
1585056069;856622;1651507938;745888;1585056069;856622;-0;
1585056069;957555;1651507938;975827;1585056069;957555;-0;
1585056070;58265;1651507939;186031;1585056070;58265;-0;
1585056070;158800;1651507939;406195;1585056070;158800;-0;
1585056070;259411;1651507939;629845;1585056070;259411;-0;
1585056070;359928;1651507939;839701;1585056070;359928;-0;
1585056070;460441;1651507940;59320;1585056070;460441;-0;
1585056070;560990;1651507940;277034;1585056070;560990;-0;
1585056070;661499;1651507940;439270;1585056070;661499;-0;
1585056070;762004;1651507940;634382;1585056070;762004;-0;
1585056070;862542;1651507940;859859;1585056070;862542;-0;
1585056070;963157;1651507941;80083;1585056070;963157;-0;
1585056071;63638;1651507941;364029;1585056071;63638;-0;
1585056071;164160;1651507941;573071;1585056071;164160;-0;
1585056071;264673;1651507941;762621;1585056071;264673;-0;
1585056071;365249;1651507941;935437;1585056071;365249;-0;
1585056071;465767;1651507942;117736;1585056071;465767;-0;
1585056071;566409;1651507942;321740;1585056071;566409;-0;
1585056071;667050;1651507942;506343;1585056071;667050;-0;
1585056071;767640;1651507942;705855;1585056071;767640;-0;
1585056071;868189;1651507942;968723;1585056071;868189;-0;
1585056071;968710;1651507943;225515;1585056071;968710;-0;
1585056072;69210;1651507943;447500;1585056072;69210;-0;
1585056072;169728;1651507943;646077;1585056072;169728;-0;
1585056072;270259;1651507943;840644;1585056072;270259;-0;
1585056072;370782;1651507944;57789;1585056072;370782;-0;
1585056072;471325;1651507944;247967;1585056072;471325;-0;
1585056072;571815;1651507944;468122;1585056072;571815;-0;
1585056072;672348;1651507944;665985;1585056072;672348;0.003000584;
1585056072;772852;1651507944;886590;1585056072;772852;0.1469487;
1585056072;873383;1651507945;108078;1585056072;873383;0.1889392;
1585056072;973916;1651507945;325937;1585056072;973916;0.197932;
1585056073;74488;1651507945;522483;1585056073;74488;0.197932;
1585056073;175172;1651507945;781474;1585056073;175172;0.1949314;
1585056073;275725;1651507946;13757;1585056073;275725;0.1649434;
1585056073;376248;1651507946;241038;1585056073;376248;0.1619428;
1585056073;476782;1651507946;446811;1585056073;476782;0.1649434;
1585056073;577274;1651507946;654498;1585056073;577274;0.128963;
1585056073;677756;1651507946;901178;1585056073;677756;-0;
1585056073;778337;1651507947;132227;1585056073;778337;-0;
1585056073;878871;1651507947;359159;1585056073;878871;-0;
1585056073;979404;1651507947;621816;1585056073;979404;-0;
1585056074;80199;1651507947;843380;1585056074;80199;-0;
1585056074;180742;1651507948;49380;1585056074;180742;0.167944;
1585056074;281710;1651507948;249073;1585056074;281710;0.167944;
1585056074;382660;1651507948;475251;1585056074;382660;-0;
1585056074;483190;1651507948;680878;1585056074;483190;-0;
1585056074;583644;1651507948;891282;1585056074;583644;-0;
1585056074;684181;1651507949;121678;1585056074;684181;-0;
1585056074;784681;1651507949;402493;1585056074;784681;-0;
1585056074;885243;1651507949;609556;1585056074;885243;-0;
1585056074;985813;1651507949;888845;1585056074;985813;-0;
1585056075;86336;1651507950;85177;1585056075;86336;-0;
1585056075;186880;1651507950;325358;1585056075;186880;-0;
1585056075;287474;1651507950;535489;1585056075;287474;-0;
1585056075;388809;1651507950;785177;1585056075;388809;-0;
1585056075;489433;1651507951;62904;1585056075;489433;-0.1169518;
1585056075;590030;1651507951;354155;1585056075;590030;-0;
1585056075;690688;1651507951;513610;1585056075;690688;-0;
1585056075;791426;1651507951;713928;1585056075;791426;-0;
1585056075;892132;1651507951;977261;1585056075;892132;-0;
1585056075;992735;1651507952;207508;1585056075;992735;-0;
1585056076;93407;1651507952;425567;1585056076;93407;-0;
1585056076;194045;1651507952;685879;1585056076;194045;-0;
1585056076;294608;1651507952;940477;1585056076;294608;-0;
1585056076;395289;1651507953;146390;1585056076;395289;-0;
1585056076;495875;1651507953;356593;1585056076;495875;-0;
1585056076;596551;1651507953;581207;1585056076;596551;-0;
1585056076;697208;1651507953;783264;1585056076;697208;0.2039332;
1585056076;797922;1651507954;22326;1585056076;797922;-0;
1585056076;898784;1651507954;305647;1585056076;898784;-0;
1585056076;999448;1651507954;544459;1585056076;999448;-0;
1585056077;100079;1651507954;844806;1585056077;100079;-0;
1585056077;200887;1651507955;73773;1585056077;200887;-0;
1585056077;301571;1651507955;286235;1585056077;301571;0.0479916;
1585056077;402365;1651507955;520549;1585056077;402365;0.2189272;
1585056077;503019;1651507955;754454;1585056077;503019;-0;
1585056077;603971;1651507955;993510;1585056077;603971;-0;
1585056077;704611;1651507956;186953;1585056077;704611;-0;
1585056077;805393;1651507956;396358;1585056077;805393;-0;
1585056077;906025;1651507956;661687;1585056077;906025;-0;
1585056078;6678;1651507956;878018;1585056078;6678;-0;
1585056078;107361;1651507957;163324;1585056078;107361;-0;
1585056078;208023;1651507957;435071;1585056078;208023;-0;
1585056078;308834;1651507957;673861;1585056078;308834;-0;
1585056078;409657;1651507957;919284;1585056078;409657;-0;
1585056078;510325;1651507958;146865;1585056078;510325;-0;
1585056078;611072;1651507958;339725;1585056078;611072;-0;
1585056078;711898;1651507958;545264;1585056078;711898;-0;
1585056078;812713;1651507958;775362;1585056078;812713;0.05698447;
1585056078;913488;1651507958;986278;1585056078;913488;0.06298564;
1585056079;14179;1651507959;253487;1585056079;14179;0.06597735;
1585056079;116173;1651507959;482540;1585056079;116173;0.06298564;
1585056079;216519;1651507959;716457;1585056079;216519;0.06597735;
1585056079;317260;1651507959;972223;1585056079;317260;0.1319547;
1585056079;417905;1651507960;200924;1585056079;417905;0.1859386;
1585056079;518733;1651507960;405755;1585056079;518733;0.1799374;
1585056079;619417;1651507960;611615;1585056079;619417;0.1799374;
1585056079;720084;1651507960;853467;1585056079;720084;0.1469487;
1585056079;820706;1651507961;106440;1585056079;820706;0.05998505;
1585056079;921392;1651507961;352324;1585056079;921392;0.05398389;
1585056080;22214;1651507961;612344;1585056080;22214;0.05398389;
1585056080;122859;1651507961;830793;1585056080;122859;0.128963;
1585056080;223607;1651507962;34645;1585056080;223607;0.1889392;
1585056080;324471;1651507962;244493;1585056080;324471;0.1799374;
1585056080;424702;1651507962;407110;1585056080;424702;0.167944;
1585056080;526656;1651507962;661623;1585056080;526656;0.09297372;
1585056080;627453;1651507962;850987;1585056080;627453;-0;
1585056080;728301;1651507963;89251;1585056080;728301;-0.03598038;
1585056080;828951;1651507963;320259;1585056080;828951;-0.03598038;
1585056080;929540;1651507963;533646;1585056080;929540;-0;
1585056081;30211;1651507963;779288;1585056081;30211;-0;
1585056081;130770;1651507963;994191;1585056081;130770;-0;
1585056081;231440;1651507964;218473;1585056081;231440;-0;
1585056081;332058;1651507964;417426;1585056081;332058;-0;
1585056081;432723;1651507964;631631;1585056081;432723;-0;
1585056081;533463;1651507964;805185;1585056081;533463;-0.01499404;
1585056081;634133;1651507965;5765;1585056081;634133;-0;
1585056081;734701;1651507965;269484;1585056081;734701;-0;
1585056081;835346;1651507965;479618;1585056081;835346;-0;
1585056081;935981;1651507965;675936;1585056081;935981;-0;
1585056082;36664;1651507965;888273;1585056082;36664;-0;
1585056082;137308;1651507966;110703;1585056082;137308;-0;
1585056082;237898;1651507966;295702;1585056082;237898;0.09896602;
1585056082;338761;1651507966;505072;1585056082;338761;0.2339213;
1585056082;440121;1651507966;675976;1585056082;440121;-0;
1585056082;540397;1651507966;916121;1585056082;540397;-0;
1585056082;640307;1651507967;123617;1585056082;640307;-0;
1585056082;741003;1651507967;338387;1585056082;741003;-0;
1585056082;841616;1651507967;558368;1585056082;841616;-0;
1585056082;942307;1651507967;822816;1585056082;942307;-0;
1585056083;42925;1651507968;99472;1585056083;42925;-0;
1585056083;143639;1651507968;293478;1585056083;143639;-0;
1585056083;244239;1651507968;529174;1585056083;244239;0.01200234;
1585056083;344775;1651507969;4996;1585056083;344775;0.01500292;
1585056083;445314;1651507969;479794;1585056083;445314;0.01500292;
1585056083;546009;1651507970;29661;1585056083;546009;0.05998505;
1585056083;646626;1651507970;529736;1585056083;646626;0.1349553;
1585056083;747259;1651507970;915352;1585056083;747259;0.2129261;
1585056083;847842;1651507971;136767;1585056083;847842;0.2129261;
1585056083;948570;1651507971;335136;1585056083;948570;0.197932;
1585056084;49183;1651507971;541990;1585056084;49183;0.1619428;
1585056084;149860;1651507971;711076;1585056084;149860;0.08997314;
1585056084;250572;1651507971;930367;1585056084;250572;0.09597431;
1585056084;351232;1651507972;150676;1585056084;351232;0.1139601;
1585056084;451752;1651507972;379225;1585056084;451752;0.1139601;
1585056084;552287;1651507972;610560;1585056084;552287;0.1139601;
1585056084;652831;1651507972;834065;1585056084;652831;0.128963;
1585056084;753477;1651507973;162077;1585056084;753477;0.128963;
1585056084;854072;1651507973;368592;1585056084;854072;0.128963;
1585056084;955063;1651507973;568866;1585056084;955063;0.04499101;
1585056085;54837;1651507973;821224;1585056085;54837;-0;
1585056085;155456;1651507974;42928;1585056085;155456;-0;
1585056085;256120;1651507974;294808;1585056085;256120;-0;
1585056085;356697;1651507974;526060;1585056085;356697;-0;
1585056085;457493;1651507974;725139;1585056085;457493;0.1619428;
1585056085;558551;1651507974;965322;1585056085;558551;-0;
1585056085;659289;1651507975;195562;1585056085;659289;-0;
1585056085;759947;1651507975;415990;1585056085;759947;-0;
1585056085;860528;1651507975;606111;1585056085;860528;-0;
1585056085;961244;1651507975;826276;1585056085;961244;-0;
1585056086;61828;1651507976;26434;1585056086;61828;-0.1439482;
1585056086;162664;1651507976;251667;1585056086;162664;-0.152941;
1585056086;263572;1651507976;446763;1585056086;263572;-0.08996427;
1585056086;364799;1651507976;770603;1585056086;364799;-0.1889303;
1585056086;464602;1651507977;2137;1585056086;464602;-0;
1585056086;565202;1651507977;224334;1585056086;565202;-0;
1585056086;665833;1651507977;443280;1585056086;665833;-0;
1585056086;766503;1651507977;651922;1585056086;766503;-0;
1585056086;867164;1651507977;906838;1585056086;867164;-0;
1585056086;967828;1651507978;174615;1585056086;967828;-0;
1585056087;68438;1651507978;380986;1585056087;68438;-0;
1585056087;169214;1651507978;591418;1585056087;169214;-0;
1585056087;269828;1651507978;799090;1585056087;269828;-0;
1585056087;370436;1651507978;965090;1585056087;370436;-0;
1585056087;471235;1651507979;215851;1585056087;471235;-0;
1585056087;572020;1651507979;464114;1585056087;572020;-0;
1585056087;672886;1651507979;692516;1585056087;672886;-0;
1585056087;773530;1651507979;934296;1585056087;773530;-0;
1585056087;874061;1651507980;150312;1585056087;874061;-0;
1585056087;974608;1651507980;379752;1585056087;974608;-0;
1585056088;75258;1651507980;580513;1585056088;75258;-0;
1585056088;175800;1651507980;823676;1585056088;175800;-0;
1585056088;276449;1651507981;80886;1585056088;276449;-0;
1585056088;377197;1651507981;344841;1585056088;377197;-0;
1585056088;477894;1651507981;563439;1585056088;477894;-0;
1585056088;578806;1651507981;810586;1585056088;578806;-0;
1585056088;679567;1651507982;13887;1585056088;679567;0.003000584;
1585056088;780332;1651507982;258524;1585056088;780332;0.06298564;
1585056088;880987;1651507982;449917;1585056088;880987;0.09597431;
1585056088;981541;1651507982;676828;1585056088;981541;0.1109684;
1585056089;82182;1651507982;873634;1585056089;82182;0.1139601;
1585056089;182854;1651507983;93104;1585056089;182854;0.1139601;
1585056089;283473;1651507983;323676;1585056089;283473;0.1139601;
1585056089;384076;1651507983;522141;1585056089;384076;0.1199612;
1585056089;484710;1651507983;712077;1585056089;484710;0.2069338;
1585056089;585323;1651507983;913722;1585056089;585323;0.2489153;
1585056089;686101;1651507984;118400;1585056089;686101;0.2429142;
1585056089;786782;1651507984;327687;1585056089;786782;0.1799374;
1585056089;887607;1651507984;523381;1585056089;887607;0.07197852;
1585056089;988368;1651507984;693869;1585056089;988368;0.05698447;
1585056090;89059;1651507984;895434;1585056090;89059;0.02099521;
1585056090;189698;1651507985;107868;1585056090;189698;-0;
1585056090;290391;1651507985;351159;1585056090;290391;0.05698447;
1585056090;391048;1651507985;541822;1585056090;391048;0.02699638;
1585056090;491964;1651507985;761367;1585056090;491964;0.02099521;
1585056090;591860;1651507986;1961;1585056090;591860;0.02099521;
1585056090;692595;1651507986;205028;1585056090;692595;0.01500292;
1585056090;793219;1651507986;463659;1585056090;793219;0.01500292;
1585056090;893929;1651507986;684194;1585056090;893929;0.07797969;
1585056090;994638;1651507986;931962;1585056090;994638;0.07797969;
1585056091;95287;1651507987;141928;1585056091;95287;0.09297372;
1585056091;196266;1651507987;359343;1585056091;196266;0.09597431;
1585056091;296350;1651507987;606684;1585056091;296350;0.09597431;
1585056091;396928;1651507987;793794;1585056091;396928;0.09297372;
1585056091;497503;1651507987;946380;1585056091;497503;0.09597431;
1585056091;598310;1651507988;165447;1585056091;598310;0.09597431;
1585056091;698986;1651507988;365234;1585056091;698986;0.1019666;
1585056091;799666;1651507988;603842;1585056091;799666;0.1049672;
1585056091;900285;1651507988;835832;1585056091;900285;0.1019666;
1585056092;1150;1651507989;47995;1585056092;1150;0.09896602;
1585056092;101795;1651507989;258177;1585056092;101795;-0;
1585056092;202681;1651507989;547249;1585056092;202681;-0;
1585056092;303361;1651507989;776322;1585056092;303361;0.0509833;
1585056092;404081;1651507989;927605;1585056092;404081;0.09597431;
1585056092;504859;1651507990;171812;1585056092;504859;-0;
1585056092;605639;1651507990;371907;1585056092;605639;-0;
1585056092;706399;1651507990;585681;1585056092;706399;-0;
1585056092;807047;1651507990;893106;1585056092;807047;-0;
1585056092;907657;1651507991;105667;1585056092;907657;-0;
1585056093;8573;1651507991;345992;1585056093;8573;-0;
1585056093;109223;1651507991;596598;1585056093;109223;-0;
1585056093;209782;1651507991;797018;1585056093;209782;-0;
1585056093;310672;1651507992;39006;1585056093;310672;-0;
1585056093;412103;1651507992;296796;1585056093;412103;-0;
1585056093;512098;1651507992;473318;1585056093;512098;-0;
1585056093;612749;1651507992;684809;1585056093;612749;-0;
1585056093;713459;1651507992;918738;1585056093;713459;-0;
1585056093;814036;1651507993;162145;1585056093;814036;-0;
1585056093;914727;1651507993;410791;1585056093;914727;-0;
1585056094;15481;1651507993;669451;1585056094;15481;-0;
1585056094;116228;1651507993;926267;1585056094;116228;-0;
1585056094;217265;1651507994;146697;1585056094;217265;-0;
1585056094;317978;1651507994;381496;1585056094;317978;-0;
1585056094;418359;1651507994;601703;1585056094;418359;-0;
1585056094;519166;1651507994;829631;1585056094;519166;-0;
1585056094;620069;1651507995;62382;1585056094;620069;-0;
1585056094;720781;1651507995;262274;1585056094;720781;-0;
1585056094;821398;1651507995;455419;1585056094;821398;0.02699638;
1585056094;922135;1651507995;652955;1585056094;922135;0.05998505;
1585056095;24174;1651507995;897134;1585056095;24174;0.06298564;
1585056095;124547;1651507996;148755;1585056095;124547;0.06298564;
1585056095;225243;1651507996;396840;1585056095;225243;0.06298564;
1585056095;325830;1651507996;612781;1585056095;325830;0.06298564;
1585056095;426547;1651507996;791523;1585056095;426547;0.06897793;
1585056095;527167;1651507996;985028;1585056095;527167;0.128963;
1585056095;627841;1651507997;196339;1585056095;627841;0.128963;
1585056095;728625;1651507997;453790;1585056095;728625;0.128963;
1585056095;829892;1651507997;668342;1585056095;829892;0.128963;
1585056095;931000;1651507997;912498;1585056095;931000;0.128963;
1585056096;31597;1651507998;115775;1585056096;31597;0.128963;
1585056096;132207;1651507998;319058;1585056096;132207;0.128963;
1585056096;232847;1651507998;532758;1585056096;232847;0.128963;
1585056096;333494;1651507998;740600;1585056096;333494;0.128963;
1585056096;434144;1651507998;998127;1585056096;434144;0.128963;
1585056096;535062;1651507999;218262;1585056096;535062;0.128963;
1585056096;635878;1651507999;439786;1585056096;635878;0.128963;
1585056096;736682;1651507999;668162;1585056096;736682;0.128963;
1585056096;837410;1651507999;882203;1585056096;837410;0.128963;
1585056096;938023;1651508000;104660;1585056096;938023;0.128963;
1585056097;38727;1651508000;330386;1585056097;38727;0.128963;
1585056097;139318;1651508000;579575;1585056097;139318;0.1109684;
1585056097;239900;1651508000;807182;1585056097;239900;-0;
1585056097;340558;1651508001;96330;1585056097;340558;-0;
1585056097;441235;1651508001;303714;1585056097;441235;-0;
1585056097;541853;1651508001;493750;1585056097;541853;0.05998505;
1585056097;642444;1651508001;701406;1585056097;642444;0.2219278;
1585056097;743055;1651508001;910249;1585056097;743055;-0;
1585056097;843613;1651508002;136172;1585056097;843613;-0;
1585056097;944131;1651508002;339558;1585056097;944131;-0;
1585056098;44802;1651508002;529870;1585056098;44802;-0;
1585056098;145899;1651508002;730222;1585056098;145899;-0;
1585056098;246716;1651508002;955187;1585056098;246716;0.0749791;
1585056098;347337;1651508003;166100;1585056098;347337;-0;
1585056098;447918;1651508003;396018;1585056098;447918;-0;
1585056098;548710;1651508003;636244;1585056098;548710;-0;
1585056098;649379;1651508003;825952;1585056098;649379;-0;
1585056098;750081;1651508004;131940;1585056098;750081;-0;
1585056098;850642;1651508004;410853;1585056098;850642;-0;
1585056098;951265;1651508004;647277;1585056098;951265;-0;
1585056099;51831;1651508004;900927;1585056099;51831;-0;
1585056099;152522;1651508005;134860;1585056099;152522;-0;
1585056099;253097;1651508005;370369;1585056099;253097;-0;
1585056099;353693;1651508005;578846;1585056099;353693;-0;
1585056099;454359;1651508005;801007;1585056099;454359;-0;
1585056099;554896;1651508006;2381;1585056099;554896;-0;
1585056099;655650;1651508006;251275;1585056099;655650;-0;
1585056099;756239;1651508006;445250;1585056099;756239;-0;
1585056099;857024;1651508006;720562;1585056099;857024;-0;
1585056099;958002;1651508006;979648;1585056099;958002;-0;
1585056100;58415;1651508007;219960;1585056100;58415;-0;
1585056100;159141;1651508007;470099;1585056100;159141;-0;
1585056100;259838;1651508007;737105;1585056100;259838;-0;
1585056100;360554;1651508007;949669;1585056100;360554;-0;
1585056100;461207;1651508008;172448;1585056100;461207;-0;
1585056100;561949;1651508008;428731;1585056100;561949;-0;
1585056100;662734;1651508008;576423;1585056100;662734;-0;
1585056100;763393;1651508008;830399;1585056100;763393;-0;
1585056100;864077;1651508009;35547;1585056100;864077;-0.1409476;
1585056100;964681;1651508009;263538;1585056100;964681;-0;
1585056101;65283;1651508009;533493;1585056101;65283;-0;
1585056101;165931;1651508009;762575;1585056101;165931;-0;
1585056101;266476;1651508010;3302;1585056101;266476;-0;
1585056101;367158;1651508010;257231;1585056101;367158;-0;
1585056101;467719;1651508010;497486;1585056101;467719;-0;
1585056101;568353;1651508010;743213;1585056101;568353;-0;
1585056101;668865;1651508011;12631;1585056101;668865;0.1259624;
1585056101;769484;1651508011;255220;1585056101;769484;0.197932;
1585056101;870101;1651508011;416664;1585056101;870101;0.1529499;
1585056101;977005;1651508011;683821;1585056101;977005;0.1409564;
1585056102;77617;1651508011;909163;1585056102;77617;0.2159267;
1585056102;178465;1651508012;113300;1585056102;178465;0.1559505;
1585056102;279401;1651508012;329145;1585056102;279401;0.09597431;
1585056102;380023;1651508012;513699;1585056102;380023;0.08997314;
1585056102;480690;1651508012;795912;1585056102;480690;0.1199612;
1585056102;581357;1651508013;30046;1585056102;581357;0.1199612;
1585056102;682070;1651508013;209550;1585056102;682070;0.1229618;
1585056102;782749;1651508013;414713;1585056102;782749;0.1349553;
1585056102;883732;1651508013;620533;1585056102;883732;0.128963;
1585056102;984510;1651508013;850877;1585056102;984510;0.1109684;
1585056103;85184;1651508014;30638;1585056103;85184;0.1079678;
1585056103;185903;1651508014;235510;1585056103;185903;0.08097139;
1585056103;286536;1651508014;497989;1585056103;286536;-0;
1585056103;387139;1651508014;753759;1585056103;387139;-0;
1585056103;487711;1651508014;997014;1585056103;487711;-0;
1585056103;588363;1651508015;238970;1585056103;588363;-0.1169518;
1585056103;688887;1651508015;514859;1585056103;688887;-0;
1585056103;790106;1651508015;724286;1585056103;790106;-0;
1585056103;891247;1651508015;958171;1585056103;891247;-0;
1585056103;991389;1651508016;173607;1585056103;991389;-0;
1585056104;92175;1651508016;379685;1585056104;92175;-0;
1585056104;192974;1651508016;571242;1585056104;192974;-0;
1585056104;293583;1651508016;774771;1585056104;293583;-0;
1585056104;394093;1651508016;975744;1585056104;394093;0.197932;
1585056104;494621;1651508017;131818;1585056104;494621;-0;
1585056104;595176;1651508017;355998;1585056104;595176;-0;
1585056104;695825;1651508017;589667;1585056104;695825;-0;
1585056104;796479;1651508017;844280;1585056104;796479;0.1259624;
1585056104;897201;1651508018;97027;1585056104;897201;-0;
1585056104;997681;1651508018;277755;1585056104;997681;-0;
1585056105;98252;1651508018;522843;1585056105;98252;-0;
1585056105;198768;1651508018;757630;1585056105;198768;-0;
1585056105;299287;1651508018;968359;1585056105;299287;-0;
1585056105;399843;1651508019;185967;1585056105;399843;-0;
1585056105;500370;1651508019;408654;1585056105;500370;-0;
1585056105;601015;1651508019;595641;1585056105;601015;-0;
1585056105;701723;1651508019;735220;1585056105;701723;-0;
1585056105;802750;1651508019;950279;1585056105;802750;-0;
1585056105;903495;1651508020;100870;1585056105;903495;-0;
1585056106;4035;1651508020;275121;1585056106;4035;-0;
1585056106;104579;1651508020;479854;1585056106;104579;-0;
1585056106;205379;1651508020;648632;1585056106;205379;-0;
1585056106;306181;1651508020;823835;1585056106;306181;-0;
1585056106;407064;1651508021;10614;1585056106;407064;-0;
1585056106;507832;1651508021;233302;1585056106;507832;-0;
1585056106;608507;1651508021;405538;1585056106;608507;-0;
1585056106;709103;1651508021;610460;1585056106;709103;-0;
1585056106;809860;1651508021;816413;1585056106;809860;-0;
1585056106;910591;1651508022;37089;1585056106;910591;-0;
1585056107;11357;1651508022;221475;1585056107;11357;-0;
1585056107;112253;1651508022;415050;1585056107;112253;-0;
1585056107;212901;1651508022;607098;1585056107;212901;-0;
1585056107;313592;1651508022;808522;1585056107;313592;-0;
1585056107;414198;1651508023;1280;1585056107;414198;-0;
1585056107;514825;1651508023;207710;1585056107;514825;-0;
1585056107;615424;1651508023;399458;1585056107;615424;-0;
1585056107;716159;1651508023;605994;1585056107;716159;-0;
1585056107;817494;1651508023;800913;1585056107;817494;-0;
1585056107;918115;1651508023;963978;1585056107;918115;-0;
1585056108;18220;1651508024;111162;1585056108;18220;-0;
